<?xml version="1.0" encoding="UTF-8"?>
<!DOCTYPE suite SYSTEM "https://testng.org/testng-1.0.dtd">
<suite parallel="tests" name="Suite">
  <test thread-count="2" parallel="tests" name="Leads">
    <classes>
      <class name="testcase.DeleteLead"/>
      <class name="testcase.CreateLead"/>
    </classes>
  </test> <!-- Test -->
  <test thread-count="5" parallel="tests" name="Accounts">
    <classes>
      <class name="testcase.DeleteAccount"/>
      <class name="testcase.CreateAccount"/>
    </classes>
  </test> <!-- Test -->
</suite> <!-- Suite -->
