<?xml version="1.0" encoding="UTF-8"?>
<!DOCTYPE suite SYSTEM "https://testng.org/testng-1.0.dtd">
<suite name="Suite">
  <test thread-count="5" name="Test">
  <parameter name="browser" value="chrome"></parameter>
  <parameter name="url" value="http://leaftaps.com/opentaps/"></parameter>
  <parameter name="username" value="demoSalesManager"></parameter>
  <parameter name="password" value="crmsfa"></parameter>  
    <classes>
      <class name="testcase.CreateLead"/>
    </classes>
  </test> <!-- Test -->
</suite> <!-- Suite -->
